timestamp,price,volume,market_cap,date,return_1d,return_7d,return_14d,ma_7,ma_14,ma_30,ema_7,ema_14,volatility_7,volatility_14,volatility_30,bb_upper,bb_lower,bb_position,rsi,macd,macd_signal,momentum_7,momentum_14,volume_ma_7,volume_ratio,price_lag_1,price_lag_2,price_lag_3,price_lag_5,price_lag_7,day_of_week,day_of_month,month
2025-09-20 00:00:00,115655.81046441344,34296721252.33001,2303469041668.8,2025-09-20,-1.2716533606078717,-0.4341704190182538,4.512498567536549,116108.78498473996,114522.41995877838,112868.62457273628,115869.07630112747,114877.02360988734,0.7857583094227202,0.9137134991848876,1.4985409197641404,114524.24738577675,114520.59253178001,310.6055491267347,70.76984660818233,1115.2013459910377,676.9121658404904,-504.3329815314646,4993.629338128318,39506490230.217125,0.8681287821943153,117145.49508952006,116455.94648225319,116762.8496864193,115373.55555886829,116160.14344594491,5,20,9
2025-09-21 00:00:00,115715.51536781774,18774953731.290394,2305371926506.302,2025-09-21,0.05162291731350965,-0.2199432872282081,4.996249951348308,116072.34648236675,114915.7289975669,112978.66175588472,115830.68606780004,114988.82251094474,0.7852281396995123,0.8935063125264799,1.4654022281607273,114917.51601019195,114913.94198494185,224.27748177041337,73.6768998582588,1079.2754239586648,757.3848174641253,-255.06951661259518,5506.326543039351,37893789513.57858,0.4954625539512936,115655.81046441344,117145.49508952006,116455.94648225319,115397.25272727509,115970.58488443034,6,21,9
2025-09-22 00:00:00,115304.47999407038,18659113982.495464,2297332085237.645,2025-09-22,-0.35521198038208635,-0.0598712282579017,3.7545332515101615,116062.47854453846,115213.76382665474,112927.66943961963,115699.13454936762,115030.9101753615,0.770951874043954,0.9005520463132632,1.276393783731845,115215.56493074736,115211.96272256212,25.683488224607164,68.7674497288977,1006.0397523926658,807.1158044498334,-69.07556479790946,4172.487607229676,36718034451.8478,0.5081730071081313,115715.51536781774,115655.81046441344,117145.49508952006,116762.8496864193,115373.55555886829,0,22,9
2025-09-23 00:00:00,112696.74101711863,69152342029.46799,2245929069310.8535,2025-09-23,-2.2616111508294012,-2.340187176326225,0.5995192714687736,115676.69115737325,115261.73612922124,112838.89469128534,114948.53616630538,114719.68762092912,1.1481301492501426,1.1087018017322845,1.3217491004315631,115263.95353282471,115259.51872561777,-577.8780427001012,52.617169166995254,729.1717750568641,791.5269985712396,-2700.511710156454,671.6122359309229,39890143137.33152,1.733569663848892,115304.47999407038,115715.51536781774,115655.81046441344,116455.94648225319,115397.25272727509,1,23,9
2025-09-24 00:00:00,112022.16587861195,46154878824.043465,2232693472656.6514,2025-09-24,-0.5985755510039215,-4.0600960155897425,0.4255824392905172,114999.45061340078,115295.64515166866,112792.98193813408,114216.94359438203,114360.01805528684,0.9336443964047304,1.1153086339302445,1.2898293302273809,115297.87576893653,115293.4145344008,-733.260856291856,51.82197747271583,450.13050797492906,723.2477004519775,-4740.683807807349,474.72631426407315,40774489884.32348,1.1319547823892844,112696.74101711863,115304.47999407038,115715.51536781774,117145.49508952006,116762.8496864193,2,24,9
2025-09-25 00:00:00,113320.56908541008,46677543220.334526,2257741194218.8286,2025-09-25,1.1590591885226376,-2.6923291523983317,-0.574471544505406,114551.53955670889,115248.87687957741,112897.48909301426,113992.84996713905,114221.42485930328,1.146284827970009,0.9913653627913859,1.1931516406865526,115250.85961030298,115246.89414885183,-485.7757633431903,47.248530855939975,329.95506441628095,644.5891732448382,-3135.377396843105,-654.7558092775726,39622574302.17432,1.17805427947101,112022.16587861195,112696.74101711863,115304.47999407038,115655.81046441344,116455.94648225319,3,25,9
2025-09-26 00:00:00,108963.53013595635,74481796351.47305,2171950311711.4429,2025-09-26,-3.8448791641434665,-6.984446945493916,-5.661867710357793,113382.68742048551,114781.75998700784,112801.51643112596,112735.52000934337,113520.3722295237,1.638141021045241,1.3434414131007657,1.363649523038257,114784.44686983405,114779.07310418163,-1082.2100077269583,27.797860699749307,-115.52971570052614,492.5653954557654,-8181.9649535637145,-6539.636495974017,44028192770.204994,1.6916841611058993,113320.56908541008,112022.16587861195,112696.74101711863,115715.51536781774,117145.49508952006,4,26,9
2025-09-27 00:00:00,109710.20874667744,55257214020.568245,2185866776171.5464,2025-09-27,0.6852555252105486,-5.140772170340224,-5.55262287728574,112533.31574652322,114321.05036563159,112751.32056280547,111979.19219367689,113012.35043181086,1.750621258165871,1.3502910490332027,1.3674094099624046,114323.75094772966,114318.34978353351,-853.175513558507,28.234965173877924,-403.67556917383627,313.3172025298451,-5945.6017177360045,-6449.934699267469,47022548879.95331,1.1751216243431999,108963.53013595635,113320.56908541008,112022.16587861195,115304.47999407038,115655.81046441344,5,27,9
2025-09-28 00:00:00,109654.81021075726,23294896964.31016,2185203231301.0562,2025-09-28,-0.05049533361849434,-5.237590774059719,-5.446014331967897,111667.500724086,113869.92360322636,112655.62765627411,111398.09669794698,112564.67840233706,1.7433571896901858,1.352137166057244,1.3480665497298998,113872.62787755848,113867.21932889424,-778.842787527405,28.492950257710575,-629.2498325192137,124.80379552003333,-6060.705157060482,-6315.774673673077,47668255056.09898,0.48868784764399853,109710.20874667744,108963.53013595635,113320.56908541008,112696.74101711863,115715.51536781774,6,28,9
2025-09-29 00:00:00,112142.57362752674,31274654338.51212,2235798877396.134,2025-09-29,2.268722559446301,-2.7422233435389853,-2.8004527689995395,111215.79981457978,113639.13917955912,112777.7032216452,111584.21593034192,112508.39776569568,2.0905085835725297,1.5259446455955938,1.2412987190465539,113642.19106885031,113636.08729026793,-244.68673667996237,40.25272347714451,-600.3568052267801,-20.228324629329357,-3161.9063665436406,-3230.98193134155,49470475106.9585,0.6321882753479566,109654.81021075726,109710.20874667744,108963.53013595635,112022.16587861195,115304.47999407038,0,29,9
2025-09-30 00:00:00,114309.15041119447,57833295882.65785,2278362523594.3135,2025-09-30,1.9319841819074535,1.430750685000648,-0.9429187353811597,111446.14401373347,113561.41758555337,112961.94299270981,112265.44955055506,112748.49811842886,2.0612660993674554,1.6284683308040762,1.2846147266040426,113564.67452221498,113558.16064889176,115.29081470253696,47.09322321693921,-398.04580901873123,-95.79182150720973,1612.409394075832,-1088.1023160806217,47853468514.55706,1.2085497180850102,112142.57362752674,109654.81021075726,109710.20874667744,113320.56908541008,112696.74101711863,1,30,9
2025-10-01 00:00:00,114024.22783550054,57718901820.70616,2272137555069.4507,2025-10-01,-0.2492561397482218,1.7872016142394864,-2.3454565028805496,111732.15286471754,113365.80173905917,113154.30522309795,112705.14412179143,112918.59541403843,2.0422416601759106,1.5891871361744345,1.281148412687595,113368.98011333152,113362.62336478682,104.07906904946081,42.235693870766106,-257.7327746202791,-128.1800121298236,2002.0619568885886,-2738.62185091876,49505471799.79459,1.1659095393359253,114309.15041119447,112142.57362752674,109654.81021075726,108963.53013595635,112022.16587861195,2,1,10
2025-10-02 00:00:00,118503.24451752483,69920179085.4708,2359569556068.08,2025-10-02,3.9281271770470028,4.573464000351546,1.7580021433973192,112472.53506930536,113512.03731300714,113465.65718768467,114154.66922072478,113663.21529450329,2.4668590790767806,1.9267116312548935,1.4489726864709822,113515.89073626965,113508.18388974463,648.1328791956917,54.69389656440217,212.43669163252343,-60.0566713773542,5182.6754321147455,2047.2980352716404,52825848351.95691,1.323597845880702,114024.22783550054,114309.15041119447,112142.57362752674,109710.20874667744,113320.56908541008,3,2,10
2025-10-03 00:00:00,120611.71911591051,71252850672.75252,2399524207991.5527,2025-10-03,1.7792547427457839,10.689988627773396,2.958905098093312,114136.56206644168,113759.6247434636,113779.70842159988,115768.93169452122,114589.68247069092,1.4647516630324613,1.9736074577450988,1.446117540569605,113763.57195837909,113755.67752854811,868.4657073595761,57.461622635979374,746.5795554723882,101.27057399259427,11648.188979954168,3466.224026390453,52364570397.85399,1.3607072517045344,118503.24451752483,114024.22783550054,114309.15041119447,109654.81021075726,108963.53013595635,4,3,10
2025-10-04 00:00:00,122250.15186842803,83155430408.51796,2436956902844.7153,2025-10-04,1.3584357842897132,11.430060397301322,5.701694863003559,115927.98251240606,114230.64912946464,114130.99615797245,117389.23673799793,115611.07839038922,1.4261940885032787,1.944990719411364,1.4591515003082505,114234.53911090347,114226.75914802581,1031.289332169659,64.10508420191866,1287.2607133201382,338.46860185810306,12539.943121750592,6594.341404014587,56350029881.846794,1.475694521952801,120611.71911591051,118503.24451752483,114024.22783550054,112142.57362752674,109710.20874667744,5,4,10
2025-10-05 00:00:00,122380.93708463266,35161626561.80918,2438832157552.7866,2025-10-05,0.10698163904563351,11.605625735355973,5.760179778509356,117746.0006372454,114706.7506806657,114519.536181544,118637.1618246566,116513.72621628834,1.3973843074530083,1.9442524573681959,1.4422993740489287,114710.63918558044,114702.86217575097,987.2785398554159,64.21390149900117,1706.6346780169551,612.1018170898735,12726.1268738754,6665.421716814919,58045276967.203804,0.6057620602219862,122250.15186842803,120611.71911591051,118503.24451752483,114309.15041119447,109654.81021075726,6,5,10
2025-10-06 00:00:00,123506.18520027678,72011486031.26575,2461221856764.1885,2025-10-06,0.9194635557218778,10.13318243479362,7.113084597084329,119369.37371906685,115292.5867668233,114947.66965067707,119854.41766856165,117446.05408082013,1.3809878201945918,1.9350616443514228,1.4439543117879114,115296.456890112,115288.7166435346,1061.6546223144837,66.97298751085167,2105.5185777821753,910.7851692283339,11363.611572750044,8201.705206206403,63864824351.88288,1.1275610128432567,122380.93708463266,122250.15186842803,120611.71911591051,114024.22783550054,112142.57362752674,0,6,10
2025-10-07 00:00:00,124773.50823074432,69605991064.72382,2486073086655.2866,2025-10-07,1.0261211034997553,9.154435827671993,10.716163665985,120864.28197900252,116155.21299636799,115433.14696420926,121084.19030910732,118423.0479674767,1.3647858669740651,1.7649151763155326,1.4407860705422344,116158.74282672063,116151.68316601535,1221.280373756524,76.46018796351521,2495.1369338431396,1227.6555221512951,10464.357819549856,12076.767213625688,65546637949.320885,1.061930760179363,123506.18520027678,122380.93708463266,122250.15186842803,118503.24451752483,114309.15041119447,1,7,10
2025-10-08 00:00:00,121518.75593575071,76087884719.80028,2421938444026.2783,2025-10-08,-2.6085283175452445,6.572750583378051,8.477420502143595,121934.92885046684,116833.5408575922,115779.3724158396,121192.83171576817,118835.80902991323,1.962203249999106,1.954159474976948,1.5406450403108642,116837.44917654216,116829.63253864225,599.8900623460754,68.6934752751138,2512.320511967264,1484.588520114489,7494.528100250172,9496.590057138761,68170778363.47718,1.1161363643834339,124773.50823074432,123506.18520027678,122380.93708463266,120611.71911591051,114024.22783550054,2,8,10
2025-10-09 00:00:00,123352.50487523204,62576032795.36722,2459003621170.118,2025-10-09,1.5090254383865354,4.092090792493108,8.852705092101033,122627.68033013931,117550.10769972233,116156.9516189744,121732.75000563414,119438.03514262241,1.506200855609916,1.9640642669341777,1.5537686849077736,117554.0358282562,117546.17957118846,739.0701773103096,69.33967016642595,2643.4349627984484,1716.357808651281,4849.260357707215,10031.93578982196,67121614607.74811,0.9322784197170344,121518.75593575071,124773.50823074432,123506.18520027678,122250.15186842803,118503.24451752483,3,9,10
2025-10-10 00:00:00,121698.03066778315,72097306668.91356,2423288659157.484,2025-10-10,-1.3412570819882008,0.9006683262914761,11.686938295719385,122782.86769469254,118459.71488056712,116495.3046557556,121724.07017117139,119739.3678793105,1.554627368068644,1.6072695706487654,1.577981740659202,118462.92941970841,118456.50034142582,504.1982977774761,77.40535873871055,2584.0544964702713,1889.8971462150791,1086.3115518726408,12734.500531826809,67242251178.62824,1.0722024531479162,123352.50487523204,121518.75593575071,124773.50823074432,122380.93708463266,120611.71911591051,4,10,10
2025-10-11 00:00:00,113201.74064138904,151002213089.8765,2265659827789.9917,2025-10-11,-6.981452353643814,-7.401554181116565,3.1825041029441614,121490.23751940124,118709.11001590364,116469.51851397895,119593.4877887258,118867.68424758765,2.9936654325164165,2.6310628514207326,2.0253931116852315,118714.37214160648,118703.8478902008,-522.8027188561466,55.63455531721034,1830.316698848721,1877.9810567418076,-9048.411227038989,3491.531894711603,76934648704.5366,1.9627335099662624,121698.03066778315,123352.50487523204,121518.75593575071,123506.18520027678,122250.15186842803,5,11,10
2025-10-12 00:00:00,110853.11663883903,108643865752.17674,2211404015103.109,2025-10-12,-2.074724283604612,-9.419620996872712,1.0927987798972083,119843.40602714501,118794.7033321952,116314.51684754257,117408.3950012541,117799.07523308783,2.966238532510648,2.703869676858398,2.0432066549578236,118800.11107154892,118789.29559284149,-733.7797215161479,51.80053318960724,1031.568456077439,1708.6985366089339,-11527.820445793637,1198.3064280817634,87432111446.01768,1.2426082815037083,113201.74064138904,121698.03066778315,123352.50487523204,124773.50823074432,122380.93708463266,6,12,10
2025-10-13 00:00:00,115189.5714637257,93857100744.12454,2294724465036.9785,2025-10-13,3.911892562312791,-6.733762947228039,2.7170750033964186,118655.31835049487,119012.34603478084,116282.16444813527,116853.689116872,117451.14139717289,3.5151077626418763,2.837056570958329,2.169146337762002,119018.02014792275,119006.67192163893,-336.3609750498831,54.337348149760814,739.9408051099454,1514.9469903091363,-8316.61373655108,3046.9978361989633,90552913547.85466,1.036489021355715,110853.11663883903,113201.74064138904,121698.03066778315,121518.75593575071,123506.18520027678,0,13,10
2025-10-14 00:00:00,115222.28302116522,68935270367.04033,2296863527017.9863,2025-10-14,0.0283980199108802,-7.654850252279488,0.7988272213431902,117290.85760626927,119077.5697926359,116257.22105269312,116445.8375929453,117153.96028037187,3.4417015898376624,2.794494068892761,2.168946218299381,119083.15878077368,119071.98080449812,-344.40024637997914,51.383900830881345,505.63469790712406,1313.0845318287338,-9551.225209579105,913.1326099707512,90457096305.32846,0.7620769755239162,115189.5714637257,110853.11663883903,113201.74064138904,123352.50487523204,124773.50823074432,1,14,10
2025-10-15 00:00:00,113156.56943826913,91211854988.91518,2257545230986.0146,2025-10-15,-1.7928073708768921,-6.881395742648023,-0.7609421380894266,116096.25953520047,119015.59419283364,116183.32151533979,115623.52055427626,116620.97483475818,3.3947929638363474,2.8391605157030972,2.1918660746583813,119021.27251386504,119009.91587180224,-515.4117212784139,48.75236231191418,151.51304949261248,1080.7702353615095,-8362.186497481584,-867.6583972314111,92617663486.63058,0.9848213780741906,115222.28302116522,115189.5714637257,110853.11663883903,121698.03066778315,121518.75593575071,2,15,10
2025-10-16 00:00:00,110708.66960879423,68877328886.40259,2207742082237.0483,2025-10-16,-2.163285650693325,-10.250164987915522,-6.5775202531082595,114289.99735428079,118458.83884221004,116027.03541139043,114394.80781790575,115832.66747129631,3.2288031173108256,2.6484972084877856,2.2257501276266454,118464.13583662701,118453.54184779307,-731.0629037270652,38.09659010972396,-322.9333913542796,800.0295100183517,-12643.835266437818,-7794.574908730603,93517848642.49278,0.7365153271405134,113156.56943826913,115222.28302116522,115189.5714637257,113201.74064138904,123352.50487523204,3,16,10
2025-10-17 00:00:00,108076.72862033188,84773160808.27399,2154964541836.455,2025-10-17,-2.3773576159506815,-11.192705397703051,-10.392846223783803,112344.09706178775,117563.48237824012,115737.49804252085,112815.28801851228,114798.54229116773,3.2446854322145176,2.611905667978592,2.249004854008682,117568.70618957609,117558.25856690416,-907.5298988399802,31.15854978083175,-900.925942193091,459.83841957606325,-13621.302047451274,-12534.990495578633,95328684948.1157,0.889272319810278,110708.66960879423,113156.56943826913,115222.28302116522,110853.11663883903,121698.03066778315,4,17,10
2025-10-18 00:00:00,106443.61194984635,94325236794.78163,2123017949517.1426,2025-10-18,-1.5110715242155237,-5.9699865507825685,-12.929668942737592,111378.65010585308,116434.44381262716,115403.75355810729,111222.3690013458,113684.55157899155,2.248350337315569,2.5455967411097515,2.261097873213445,116439.53500610938,116429.35261914493,-980.6876034243006,26.23725858246803,-1473.7792598155793,73.11488369773477,-6758.12869154269,-15806.539918581679,87231974048.81642,1.0813149401158308,108076.72862033188,110708.66960879423,113156.56943826913,115189.5714637257,113201.74064138904,5,18,10
2025-10-19 00:00:00,107156.00337647724,34412835719.61292,2135575517405.9185,2025-10-19,0.6692664910380453,-3.33514597916722,-12.440608865109937,110850.49106837282,115346.94854775893,115070.77050100587,110205.77759512866,112814.07848532299,2.2392616747792897,2.5679526509171398,2.262160840074133,115352.08445306077,115341.8126424571,-796.9198013687428,27.5049889137304,-1848.9718107023655,-311.3024551822853,-3697.1132623617887,-15224.933708155426,76627541187.02159,0.44909226090946824,106443.61194984635,108076.72862033188,110708.66960879423,115222.28302116522,110853.11663883903,6,19,10
2025-10-20 00:00:00,108621.134857428,45373692612.394394,2165367850075.0042,2025-10-20,1.3672882851026413,-5.702284089463927,-12.052068743529965,109912.14298175885,114283.73066612685,114836.28131410635,109809.6169107035,112255.019334937,1.493062477092585,2.5951833194846903,2.2732142704354232,114288.92103276582,114278.54029948788,-544.9909260343422,28.22586180357395,-2004.9785992620164,-650.0376839982315,-6568.436606297706,-14885.050342848786,69701340025.34586,0.6509730314495378,107156.00337647724,106443.61194984635,108076.72862033188,113156.56943826913,115189.5714637257,0,20,10
2025-10-21 00:00:00,110608.5714932665,60452111148.140076,2205571381112.93,2025-10-21,1.8296960701498222,-4.004183398319949,-11.352519407631412,109253.04133491618,113271.94947059274,114666.0498516213,110009.35555634425,112035.4929560476,1.7904079195059786,2.6489453375517305,2.302550521835102,113277.24736126784,113266.65157991763,-250.86211189103258,29.706793517524943,-1945.8154273343098,-909.1932326654472,-4613.7115278987185,-14164.936737477823,68489460136.93153,0.8826483816236496,108621.134857428,107156.00337647724,106443.61194984635,110708.66960879423,115222.28302116522,1,21,10
2025-10-22 00:00:00,108486.10262716639,105841401713.00197,2162410619417.9114,2025-10-22,-1.9189008929830775,-4.127437615233331,-10.724808041546229,108585.83179047295,112341.04566283671,114438.77060605785,109628.54232404978,111562.24091219678,1.8053526913133529,2.619454402626223,2.3255398429647043,112346.28457164197,112335.80675403145,-367.4146916816748,30.702887706123875,-2046.6017357711971,-1136.6749332865973,-4670.466811102742,-13032.653308584326,70579395383.22964,1.4996076565732515,110608.5714932665,108621.134857428,107156.00337647724,108076.72862033188,113156.56943826913,2,22,10
2025-10-23 00:00:00,107618.4266715404,83996418125.93103,2145773248654.6448,2025-10-23,-0.7998037855668327,-2.79132876239383,-12.755377946808844,108144.3685137224,111217.18293400158,114269.49346120523,109126.01341092243,111036.3990134426,1.6757590359434749,2.5359669768893434,2.2954643692073637,111222.25486795536,111212.11100004781,-354.27160145020713,26.016828412460725,-2171.4585865819827,-1343.6316639456745,-3090.2429372538318,-15734.07820369165,72739265274.59085,1.1547603321100977,108486.10262716639,110608.5714932665,108621.134857428,106443.61194984635,110708.66960879423,3,23,10
2025-10-24 00:00:00,110048.51827291629,56192643013.57058,2193901841033.9053,2025-10-24,2.258062746812617,1.8244349896185508,-9.572474041645119,108426.05274980588,110385.0749057968,114203.70520768204,109356.63962642089,110904.68158137242,1.6761305000979068,2.6709675616085637,2.3341847294579456,110390.41684092002,110379.73297067359,-31.001377788912144,32.65303081356872,-2050.6814777162217,-1485.041626699784,1971.7896525844117,-11649.512394866862,68656334161.061806,0.8184626182013667,107618.4266715404,108486.10262716639,110608.5714932665,107156.00337647724,108076.72862033188,4,24,10
2025-10-25 00:00:00,110997.80437129698,49120903424.344864,2213306367536.756,2025-10-25,0.8626068876515847,4.2785023337957195,-1.946910230889376,109076.65166715595,110227.65088650453,114126.27971721161,109766.93081263991,110917.09795336236,1.4847818925090404,1.9818069146967894,2.3295890602095572,110231.61450033392,110223.68727267515,97.65294147508983,45.76669922028415,-1856.9594218654674,-1559.4251857329207,4554.192421450629,-2203.936270092061,62198572250.999405,0.78974326333601,110048.51827291629,107618.4266715404,108486.10262716639,108621.134857428,106443.61194984635,5,25,10
2025-10-26 00:00:00,111620.3093731354,23214874411.212166,2224861052775.0015,2025-10-26,0.5608264103640126,4.1661744148608015,0.692080437211251,109714.40966667856,110282.45036752569,114214.83902511756,110230.27545276379,111010.85947599878,1.4846230701367582,1.9057859651203446,2.2178038220315712,110286.26193945593,110278.63879559544,175.99964031821875,51.57827252291592,-1634.3624329825834,-1574.4126351828534,4464.305996658164,767.1927342963754,60598863492.65643,0.3830909207402119,110997.80437129698,110048.51827291629,107618.4266715404,110608.5714932665,107156.00337647724,6,26,10
2025-10-27 00:00:00,114476.01227508577,42483268634.18711,2283691326423.212,2025-10-27,2.5584079796840964,5.390182514059227,-0.6194650952969671,110550.82072634397,110231.4818540514,114373.69914273119,111291.70965834428,111472.87984921038,1.6473348532506964,1.7210635149837203,2.2606735859494957,110234.92398108136,110228.03972702143,617.0563304440554,48.436827639779644,-1213.5325101069902,-1502.2366101676807,5854.877417657772,-713.5591886399343,60185945781.48397,0.7058669276118107,111620.3093731354,110997.80437129698,110048.51827291629,108486.10262716639,108621.134857428,0,27,10
2025-10-28 00:00:00,114182.79442806762,63764801510.65889,2276235094681.6714,2025-10-28,-0.25613911699994274,3.2314158717967834,-0.902159344392317,111061.42400274413,110157.23266883015,114524.63194997486,112014.48085077511,111834.20179305802,1.610768148676556,1.721992766209797,2.2616669136477463,110160.67665436257,110153.78868329774,584.9336048086083,47.74852164688675,-893.3836237403011,-1380.466012882205,3574.222934801117,-1039.4885930976016,60659187261.8438,1.0511977556739966,114476.01227508577,111620.3093731354,110997.80437129698,107618.4266715404,110608.5714932665,1,28,10
2025-10-29 00:00:00,112950.34863259472,66299512352.17796,2254003248725.4917,2025-10-29,-1.0793620892237898,4.115039527938968,-0.18224377665223557,111699.17343209102,110142.50261128198,114551.55778347714,112248.44779623002,111983.02137166291,1.4239857498826007,1.6764331630295408,2.236489139486627,110145.85547760804,110139.14974495591,419.2232278668532,49.53660976481051,-730.6884785193397,-1250.5105060096319,4464.246005428329,-206.220805674413,55010345924.58324,1.2052189681386785,114182.79442806762,114476.01227508577,111620.3093731354,110048.51827291629,108486.10262716639,2,29,10
2025-10-30 00:00:00,110046.66925837283,64235327509.05742,2194746293754.542,2025-10-30,-2.5707573366302583,2.2563446260403186,-0.5979661328789132,112046.06523020995,110095.21687196616,114409.47507838307,111698.00316176572,111724.8410898909,1.8149542154192522,1.7198548361993833,2.256720747043903,110098.65658163856,110091.77716229376,-6.55693477314207,48.542304778736494,-826.5263805944705,-1165.7136809265996,2428.2425868324353,-662.0003504213964,52187332979.315575,1.23086051426535,112950.34863259472,114182.79442806762,114476.01227508577,110997.80437129698,107618.4266715404,3,30,10
2025-10-31 00:00:00,108240.76528725718,72648897659.94229,2157803742876.0747,2025-10-31,-1.641034647650863,-1.6426872565207584,0.15177797201981758,111787.8148036872,110106.93377674655,114216.69299344163,110833.69369313859,111260.29764953975,1.7217430449385078,1.6524570143445438,2.2740977105102798,110110.23869077524,110103.62886271786,-281.8323804022566,50.374837221556014,-1036.25466760165,-1139.8218782616098,-1807.7529856591136,164.03666692529805,54538226500.225815,1.3320729756337326,110046.66925837283,112950.34863259472,114182.79442806762,111620.3093731354,110048.51827291629,4,31,10
2025-11-01 00:00:00,109573.90555629115,58800487940.5146,2185193896779.3408,2025-11-01,1.2316434251882669,-1.2828170999155675,2.94079987432192,111584.4006872578,110330.52617720689,113919.04836140052,110518.74665892673,111035.44537043993,1.7656374598736322,1.618768080946972,2.1577435129751033,110333.76371336878,110327.288641045,-116.35130035333725,57.25240351472866,-1082.4151596917218,-1128.3405345476322,-1423.8988150058285,3130.2936064448004,55921024288.25006,1.0514916114093704,108240.76528725718,110046.66925837283,112950.34863259472,114476.01227508577,110997.80437129698,5,1,11
2025-11-02 00:00:00,110014.13556776087,24938475577.849922,2194075979770.0623,2025-11-02,0.40176537400462564,-1.4389619724178182,2.667262776908541,111354.94728649002,110534.67847658427,113565.79557646219,110392.59388613526,110899.27073008273,1.7556459561992506,1.614623200251754,2.1277855610165024,110537.90772298478,110531.44923018377,-80.09820222184712,56.7064233035489,-1071.1275083095388,-1116.8979293000136,-1606.1738053745357,2858.1321912836283,56167253026.34117,0.444003832022092,109573.90555629115,108240.76528725718,110046.66925837283,114182.79442806762,111620.3093731354,6,2,11
2025-11-03 00:00:00,110650.2092823146,35098774843.7742,2201849942058.28,2025-11-03,0.5781745330007526,-3.3420128083932354,1.8680291156503603,110808.40400180842,110679.6123640762,113179.13082359174,110456.99773518009,110866.06253704698,1.3512647623274439,1.5842388397184666,2.1117267268087963,110682.78084175564,110676.44388639675,-4.139938282091942,54.95382931983127,-999.3364024096954,-1093.3856239219501,-3825.802992771176,2029.0744248865958,55112325341.99647,0.6368588990932738,110014.13556776087,109573.90555629115,108240.76528725718,112950.34863259472,114476.01227508577,0,3,11
2025-11-04 00:00:00,106521.08673825761,75068433317.86293,2123664079961.7026,2025-11-04,-3.731689773420921,-6.710036943995701,-3.695450271010614,109713.87433183556,110387.64916728984,112650.46914537925,109473.01998594948,110286.73243054173,1.8155511488774634,1.8101657989453876,2.200047129095208,110391.26949888773,110384.02883569195,-533.5066682403826,40.965504468564895,-1261.0900534111279,-1126.9265098197857,-7661.707689810006,-4087.484755008889,56727129885.88276,1.3233250733622015,110650.2092823146,110014.13556776087,109573.90555629115,110046.66925837283,114182.79442806762,1,4,11
2025-11-05 00:00:00,101635.2740227234,108965721650.60309,2026091188341.184,2025-11-05,-4.586709416079815,-10.017742084778359,-6.314936603434996,108097.43510185395,109898.30426697248,111921.43877279412,107513.58349514296,109133.20464283261,2.2754971103264423,2.113927114409963,2.3098450312108367,109902.53212120131,109894.07641274366,-976.7132383267848,36.506088468907734,-1841.5477452820778,-1269.8507569122442,-11315.074609871313,-6850.828604442984,62822302642.80064,1.734506967536161,106521.08673825761,110650.2092823146,110014.13556776087,108240.76528725718,112950.34863259472,2,5,11
2025-11-06 00:00:00,103877.95965955159,77083907216.62631,2073000557933.8025,2025-11-06,2.2066016532082955,-5.6055395773388135,-3.4756752423123483,107216.19087345092,109631.12805183044,111224.9204870877,106604.67753624512,108432.50531172848,2.586878842481801,2.2247830373798445,2.348608768339683,109635.5776179052,109626.67848575568,-645.9864545903766,43.011058778558656,-2096.4322935789387,-1435.167064245583,-6168.709598821239,-3740.4670119888033,64657814029.59619,1.1921823892985657,101635.2740227234,106521.08673825761,110650.2092823146,109573.90555629115,110046.66925837283,3,6,11
2025-11-07 00:00:00,101322.6402945857,64118217249.57436,2019147576692.263,2025-11-07,-2.4599244857529623,-6.391422838069982,-7.929119006119412,106227.88730306926,109007.85105337824,110551.7166323822,105284.16822583026,107484.52330944278,2.6494531382152453,2.1758478314943233,2.344340144231235,109012.20274904123,109003.49935771525,-882.5133531801202,33.771922395106216,-2476.080338668282,-1643.349719130123,-6918.124992671481,-8725.877978330594,63439145399.54363,1.0107043032461092,103877.95965955159,101635.2740227234,106521.08673825761,110014.13556776087,108240.76528725718,4,7,11
2025-11-08 00:00:00,103396.084215925,93627003785.31018,2063021740892.1375,2025-11-08,2.0463777052305065,-5.638040653020648,-6.848532003339081,105345.34139730269,108464.87104228024,109886.50261040528,104812.14722335394,106939.39809697375,2.7741071000737425,2.2571229820175143,2.3628085866421458,108469.38528824427,108460.3567963162,-560.9212059710143,36.42999869625904,-2579.905014586795,-1830.6607782214576,-6177.82134036615,-7601.720155371979,68414361948.80015,1.3685284948703993,101322.6402945857,103877.95965955159,101635.2740227234,110650.2092823146,109573.90555629115,5,8,11
2025-11-09 00:00:00,102290.13714655167,51095924202.31797,2039995976869.1492,2025-11-09,-1.0696218118509737,-7.0209145227994485,-8.35884820511822,104241.91305141566,107798.43016895282,109239.57282636427,104181.64470415337,106319.49663691748,2.723849788339445,2.24120886069545,2.3602272865868117,107802.91258667421,107793.94775123143,-613.9332550843467,33.627097475331865,-2720.072204791053,-2008.5430635353769,-7723.998421209195,-9330.17222658373,72151140323.72415,0.7081790249338169,103396.084215925,101322.6402945857,103877.95965955159,106521.08673825761,110014.13556776087,6,9,11
2025-11-10 00:00:00,104709.67861656273,59952468437.71812,2086419359800.0503,2025-11-10,2.3653712249349867,-5.368747790250539,-8.531336359843278,103393.2658134511,107100.83490762976,108956.50409220338,104313.65318225572,106104.85423420352,2.9693858201101615,2.22079701008186,2.0825670765266855,107105.27650164992,107096.3933136096,-268.67771865403483,32.59527830775599,-2605.8799749525933,-2128.0104458188202,-5940.530665751867,-9766.333658523043,75701667980.00185,0.7919570339395401,102290.13714655167,103396.084215925,101322.6402945857,101635.2740227234,110650.2092823146,0,10,11
2025-11-11 00:00:00,105909.07272321742,67546556819.52642,2112747067951.9028,2025-11-11,1.145447223696272,-0.5745472880351099,-7.246031896742933,103305.83523987394,106509.85478585474,108791.70262834933,104712.50806749615,106078.75003273871,2.71352350435968,2.2691295916751324,2.0675974065042895,106514.39304503809,106505.31652667139,-65.69080558926356,35.71661086804316,-2391.038327967646,-2180.6160222485855,-612.0140150401858,-8273.721704850192,74627114194.5252,0.9051208471422009,104709.67861656273,102290.13714655167,103396.084215925,103877.95965955159,106521.08673825761,1,11,11
2025-11-12 00:00:00,102960.77564500563,71008299178.73956,2053215927640.825,2025-11-12,-2.7838002943495366,1.304174790718693,-8.844216160928553,103495.19261448567,105796.3138581698,108384.07610105866,104274.57496187353,105663.0201143743,2.258616915036201,2.346340028560149,1.9754423998846844,105801.00653822692,105791.62117811268,-301.62353907014403,33.71898352984944,-2430.6585899539496,-2230.6245357896582,1325.5016222822305,-9989.572987589083,69204625269.97328,1.0260629098377456,105909.07272321742,104709.67861656273,102290.13714655167,101322.6402945857,101635.2740227234,2,12,11
2025-11-13 00:00:00,101521.70859453593,63332414142.58827,2025837265459.7573,2025-11-13,-1.397684741062366,-2.268287779946787,-7.746677588052753,103158.58531948343,105187.38809646717,107927.39028683768,103586.35837003913,105110.84524506252,2.134258768942597,2.2921543120463053,1.9830566302524006,105191.97240509126,105182.80378784308,-399.3072340359205,35.40944955473894,-2548.7976643117,-2294.2591614940666,-2356.251065015662,-8524.9606638369,67240126259.396416,0.9418842239865357,102960.77564500563,105909.07272321742,104709.67861656273,103396.084215925,103877.95965955159,3,13,11
2025-11-14 00:00:00,99730.4533956204,100463341916.4732,1996168972711.9963,2025-11-14,-1.7644060799543504,-1.5714028911368416,-7.862390725944612,102931.13004820269,104579.50867563598,107479.85308541606,102622.38212643444,104393.4596651369,2.0310574377066883,2.296905159621053,1.982376400973399,104584.10248595523,104574.91486531674,-527.2813996477571,35.4272138307538,-2755.2027935446677,-2386.4478879041867,-1592.1868989653012,-8510.311891636782,72432286926.09624,1.3869966858699005,101521.70859453593,102960.77564500563,105909.07272321742,102290.13714655167,101322.6402945857,4,14,11
2025-11-15 00:00:00,94456.39368235337,113198323665.38873,1891799949910.1116,2025-11-15,-5.288314184580489,-8.646062954282307,-13.796635063054763,101654.03140054959,103499.68639892615,106938.1105545347,100580.88501541418,103068.51753409911,2.5095915249042795,2.5527612701671476,2.1529396851127482,103504.79192146649,103494.58087638581,-885.1383107820939,27.191614338472604,-3306.240603619779,-2570.4064310473054,-8939.69053357163,-15117.51187393778,75228189766.10747,1.5047327872348717,99730.4533956204,101521.70859453593,102960.77564500563,104709.67861656273,103396.084215925,5,15,11
2025-11-16 00:00:00,95508.31019889197,39062120798.23745,1905234340631.9912,2025-11-16,1.1136530578079062,-6.629991059590957,-13.185419577227275,100685.19897945535,102463.5560154355,106519.16327382001,99312.74131128364,102060.48988940482,2.667348562388203,2.5901658926485376,2.142578038667526,102468.7363472208,102458.37568365021,-670.8127753992043,28.511121072311695,-3616.3738597254705,-2779.5999167829386,-6781.826947659705,-14505.8253688689,73509074994.09596,0.5313918152469583,94456.39368235337,99730.4533956204,101521.70859453593,105909.07272321742,102290.13714655167,6,16,11
2025-11-17 00:00:00,94411.32947182967,72645149972.7847,1883240679702.7427,2025-11-17,-1.1485709722828141,-9.835145404700052,-14.675869043367829,99214.00624449349,101303.63602897231,106118.08719121947,98087.38835142014,101040.60183372814,2.236540886852868,2.5514258907325753,2.137045640260236,101308.73888075378,101298.53317719084,-674.8386980756893,26.26785976724912,-3905.651951884749,-3004.810323803301,-10298.34914473306,-16238.879810484927,75322315213.39119,0.964457209884986,95508.31019889197,94456.39368235337,99730.4533956204,102960.77564500563,104709.67861656273,0,17,11
2025-11-18 00:00:00,92036.7255045672,95794596045.06412,1835458818945.8962,2025-11-18,-2.5151684448750267,-13.098355846155108,-13.59764688589895,97232.24235611489,100269.0387979944,105614.11126215578,96574.72263970692,99840.08498984002,1.9375310478808687,2.4743319811748363,2.16223723442214,100273.98746195676,100264.09013403206,-831.2712978754867,27.687755852228477,-4277.212574732635,-3259.290773989168,-13872.347218650219,-14484.361233690404,79357749388.468,1.2071233973148017,94411.32947182967,95508.31019889197,94456.39368235337,101521.70859453593,105909.07272321742,1,18,11
2025-11-18 18:23:12,93396.73213901193,122094672998.35178,1863346970584.8027,2025-11-18,1.477678206160471,-9.289016565851437,-8.105986787490249,95865.95042668721,99680.57152058645,105106.63117154194,95780.22501453318,98980.97127639627,2.278417178706687,2.3263723216714487,2.1655857078301683,99685.2242652298,99675.91877594311,-674.7830708816658,35.76248746470671,-4411.0876038488495,-3489.6501399611043,-9564.0435059937,-8238.54188371147,86655802791.26974,1.4089613051354983,92036.7255045672,94411.32947182967,95508.31019889197,99730.4533956204,102960.77564500563,1,18,11
